Model,MSE,RMSE,RMSLE,R2
Non_Scale,9.261680221557617,3.043296742939962,0.42736980408565917,0.006779372692108154
