Model,MSE,RMSE,RMSLE,R2
월/일/시간/요일_SC,9.275605964660645,3.0455833738401124,0.42595615087108396,0.005285996198654175
