Model,MSE,RMSE,RMSLE,R2
256/32,9.924730110168458,3.1445277469967814,0.45712518804570024,0.022457492351531983
