Model,MSE,RMSE,RMSLE,R2
64/32,9.903279304504395,3.1415035563029043,0.45513957898879465,0.024128615856170654
